"","SD_intercept","avg_intercept","SD_slope","avg_slope"
"2014",0.128287480692815,-0.1804126895993,0.128287480692815,0.00954102533461126
"2015A",0.346885623190108,-1.44681870323382,0.346885623190108,0.032498087461062
"2015B",0.0483741162700732,-0.083833035081505,0.0483741162700732,0.00812111558510015
