"","SD_intercept","avg_intercept","SD_slope","avg_slope"
"2014",29.2286388632116,-82.7273675732094,29.2286388632116,17300.8319382587
"2015A",454.458642780991,-1810.05619662966,454.458642780991,2.60196351210087
"2015B",56.0515971806668,-246.325863077684,56.0515971806668,0.710007609609471
