,SD_intercept,avg_intercept,SD_slope,avg_slope,,,
2014,1.133575007,-0.476275943,1.133575007,0.53406018,,,
2015A,0.074452487,-0.320485973,0.074452487,0.708100423,,,
2015B,0.37323349,-0.410260885,0.37323349,0.714991593,,,
,,,,,,,
,,,,,,,CH4
