"Standard","Known_ppm","Area1"
1,0,0
2,1.873,3.924315453
3,74.8,108.143631
