"","Chamber","Treatment","Linear_flux","Slope","Intercept","Linear_r_squared","Quadratic_flux","b_coeff","Quadratic_r_squared"
"1",1,"Leach_field",0.023128247667939,7.84381667014006e-05,0.336692464197943,0.968717876942425,0.0117538851764513,3.98626483984621e-05,0.989262368724452
"2",2,"Leach_field",0.0606320475726395,0.000201316299248936,0.333269783019215,0.98820300349028,0.038356780311688,0.000127355835281703,0.999898454227332
"3",3,"Leach_field",0.0461585340654487,0.000152903542658478,0.333355548764574,0.997780569321317,0.0391111497602246,0.000129558563261675,0.999820034777611
"4",4,"Control",0.0167883467249943,5.68015032947784e-05,0.354534836618608,0.891183487252449,-0.00277271008600996,-9.38115608795977e-06,0.99727125635751
"5",5,"Control",0.0191109287577808,6.46597011953081e-05,0.332244379706473,0.966800907885381,0.00816327145808635,2.76195207436556e-05,0.99462014829894
"6",6,"Control",0.00714653993062957,2.37840632566328e-05,0.332021159011002,0.382856715460035,-0.0172470836489982,-5.73992075160871e-05,0.773991709280337
