"Standard","Known_ppm","Area1"
1,0,746.022216796875
2,350,908.310119628906
3,996.7,1060.36474609375
