"Standard","Known_ppm","Area1"
1,0,47.4890556335449
2,0.3127,54.5846633911133
3,1.981,98.7513580322266
