"","Chamber","Treatment","Linear_flux","Slope","Intercept","Linear_r_squared","Quadratic_flux","b_coeff","Quadratic_r_squared"
"1",1,"Control",0.0187963152709325,6.3746658707623e-05,0.320408815409829,0.965130258954559,0.0156377050641733,5.30344077191501e-05,0.967520061262682
"2",2,"Control",0.0276173717738904,9.16978281797386e-05,0.332306600482171,0.98483699290434,0.0176912019629996,5.87400137557576e-05,0.99599258123048
"3",3,"Control",0.0289009094192828,9.57363903713728e-05,0.309641328621323,0.88413451163031,-0.00578537168289382,-1.91644696657007e-05,0.995805464396938
"4",4,"Leach_field",0.0242303318673254,8.1980632038437e-05,0.31968612416859,0.976662029463494,0.0117368676500608,3.9710385865618e-05,0.999429812828086
"5",5,"Leach_field",0.0612310659561012,0.0002071684991751,0.305674783514056,0.973224234670663,0.0311076538356564,0.000105249285756544,0.993878370033102
"6",6,"Leach_field",0.0407800910665638,0.000135718302136871,0.327260355106718,0.973597967675037,0.0184557695153828,6.14217780722636e-05,0.999182013947617
