Standard,Known_ppm,Area1
1,0,47.32006836
2,0.3127,54.628582
3,1.981,96.96620941
