"","Chamber","Treatment","Linear_flux","Slope","Intercept","Linear_r_squared","Quadratic_flux","b_coeff","Quadratic_r_squared"
"1",1,"Control",644.477588337803,2.18570992645643,505.582766316864,0.995922382846089,606.279756251435,2.05616410163478,0.996229155541321
"2",2,"Control",887.070203238799,2.94533497777869,492.93159743564,0.991784506402206,936.525307768868,3.10954052618995,0.992054810731716
"3",3,"Control",604.885109919912,2.00372646317094,441.440368364115,0.994366340868651,452.388324179756,1.49856963235308,0.999908148218569
"4",4,"Leach_field",534.656595307148,1.80895110503648,499.339352880889,0.993935635087591,628.659427267601,2.12699922834398,0.996629772213576
"5",5,"Leach_field",535.044510811295,1.81026357398579,332.334598126216,0.982076838974416,414.91932319417,1.40383336665266,0.986417573426079
"6",6,"Leach_field",241.809328085914,0.804754246259784,696.247832785864,0.934667406622931,299.469660519697,0.996650885376828,0.939327500857023
