"","Chamber","Treatment","Linear_flux","Slope","Intercept","Linear_r_squared","Quadratic_flux","b_coeff","Quadratic_r_squared"
"1",1,"Leach_field",0.0462937378604858,0.000140002353565322,2.29973569924393,0.40950363849,-0.139326863954343,-0.000421354804558413,0.98679497310959
"2",2,"Leach_field",0.067043819912162,0.000199368817539115,2.30844539121288,0.780339099187455,0.0775762758728159,0.000230689277700983,0.782027807290173
"3",3,"Leach_field",0.00532643880448784,1.58062810577339e-05,2.45339602215254,0.00523724576035835,0.134350247394792,0.000398686223280912,0.274699663671037
"4",4,"Control",0.036410055149976,0.000113734046162565,2.28163027936186,0.622616498592069,-0.0626782984456406,-0.000195788126643697,1
"5",5,"Control",0.0580831098633053,0.000180641852682195,2.2716579577008,0.866748849189089,0.0544369256569479,0.0001693020075567,0.8670483515014
"6",6,"Control",-0.0656213196119278,-0.000198453173459856,2.56149097531323,0.928049580831456,-0.0840976049724775,-0.000254329487518077,0.934500773302728
