Standard,Known_ppm,Area1,Area2
1,0,47.32006836,39.06896973
2,0.3127,54.628582,51.11896133
3,1.981,96.96620941,92.90209198
