"","Chamber","Treatment","Linear_flux","Slope","Intercept","Linear_r_squared","Quadratic_flux","b_coeff","Quadratic_r_squared"
"1",1,"Leach_field",1419.70338651938,4.29349248220944,149.253891380654,0.998821730913626,1401.61604835768,4.23879242925626,0.998835946719348
"2",2,"Leach_field",915.448443322383,2.72227736877652,1132.52235233246,0.97116372988861,973.980488990222,2.89633464576687,0.971511859925474
"3",3,"Leach_field",1225.15111213217,3.6356529244718,213.743930999575,0.996591832895266,1236.07936256107,3.66808265925124,0.996598785838778
"4",4,"Control",1197.16842296035,3.73959358535679,69.1849264760064,0.998388217382036,1029.02538227293,3.21436536824245,1
"5",5,"Control",1356.81014159698,4.21975852003944,-20.5171891612681,0.982075854906965,1003.65008106131,3.1214101743903,0.987910029932787
"6",6,"Control",1139.38769345652,3.44575672822117,282.781432891122,0.996331557448098,1362.62906251995,4.12088728640197,0.999685376358883
