Standard,Known_ppm,Area1,Area2
1,16,30.29692268,30.92479134
2,12,23.45290184,23.14341164
3,8,14.72301197,12.75288773
4,4,9.569631577,8.768556595
