Standard,Known_ppm,Area1,Area2
1,0,19.49604225,0
2,0.3127,56.32936859,58.29666901
3,1.981,263.2377319,292.2193909
