Standard,Known_ppm,Area1
1,0,0
2,0.3127,54.88812637
3,1.981,263.0910645
