Standard,Known_ppm,Area1
1,0,0
2,0.3127,57.09750366
3,1.981,260.2552185
