Standard,Known_ppm,Area1,Area2
1,0,0,0
2,0.3127,42.01081085,58.6712532
3,1.981,189.5325165,281.4633484
