Standard,Known_ppm,Area1
1,0,12.16562557
2,0.3127,59.39521027
3,1.981,257.6072998
