Standard,Known_ppm,Area1
1,0,23.4058342
2,0.3127,55.55570602
3,1.981,246.4139709
