Standard,Known_ppm,Area1
1,0,0
2,0.3127,56.01667023
3,1.981,235.4554291
