Standard,Known_ppm,Area1
1,0,0
2,0.3127,61.80820847
3,1.981,272.2669983
