Standard,Known_ppm,Area1
1,0,0
2,0.3127,57.16437912
3,1.981,245.4160614
