Standard,Known_ppm,Area1
1,0,0
2,0.3127,60.37768936
3,1.981,258.6174011
