"Standard","Known_ppm","Area1"
1,0,39.06896973
2,0.3127,51.11896133
3,1.981,92.90209198
