"","Chamber","Treatment","Linear_flux","Slope","Intercept","Linear_r_squared","Quadratic_flux","b_coeff","Quadratic_r_squared"
"1",1,"Leach_field",746.412347718999,2.42198617663226,527.727403060795,0.999861406769139,730.867369456012,2.37154526071754,0.999899433748628
"2",2,"Leach_field",875.828321270026,2.73167298495994,412.032364437775,0.999986203500376,883.741346092408,2.75635338819841,0.999993361151267
"3",3,"Leach_field",827.672924040922,2.63447047784192,378.25469527363,0.995845564598772,762.632121654712,2.42744658136715,0.996384796645917
"4",4,"Control",924.573738894802,2.83083320584397,537.263767870643,0.993550490899163,1094.70150321932,3.35172548757968,0.996500250624319
"5",5,"Control",933.613827247832,2.97604247917716,547.426821993552,0.999407961733784,1010.29786483523,3.22048503848207,0.999999179688217
"6",6,"Control",889.677830846572,2.77486904319009,844.950676980098,0.999190349379929,805.397601607951,2.51200242905329,0.999976604572449
