"","Chamber","Treatment","Linear_flux","Slope","Intercept","Linear_r_squared","Quadratic_flux","b_coeff","Quadratic_r_squared"
"1",1,"Leach_field",0.0121412711567661,3.93964421921674e-05,0.327388662948737,0.88597955645763,0.0178451638740031,5.79046425942087e-05,0.903125741162988
"2",2,"Leach_field",0.0095717474067441,2.98538916530445e-05,0.335049402618248,0.641092604403963,-0.0131238605667615,-4.09327884220709e-05,0.957139382896066
"3",3,"Leach_field",0.00979935978530613,3.11912149186893e-05,0.339686017871778,0.827436686983265,0.00429747038018976,1.36787836319873e-05,0.850308073648981
"4",4,"Control",0.00300851139574809,9.21137341562834e-06,0.330108738972768,0.965366257741717,0.00424536807965102,1.29983455351781e-05,0.97967353426324
"5",5,"Control",0.00878789483725795,2.80128116946568e-05,0.333175476898628,0.893188116039979,0.0102597314080221,3.27045247232792e-05,0.895385074423301
"6",6,"Control",0.00547459412654065,1.70750368718446e-05,0.33325316274171,0.998055669957786,0.00623839946288476,1.94573147137325e-05,0.999759183952024
