Standard,Known_ppm,Area1
1,0,597.1585693
2,350,755.9796143
3,996.7,1031.960327
