Standard,Known_ppm,Area1
1,0,0
2,1.873,3.326173306
3,74.8,100.6141891
