"","Chamber","Treatment","Linear_flux","Slope","Intercept","Linear_r_squared","Quadratic_flux","b_coeff","Quadratic_r_squared"
"1",1,"Leach_field",0.0161330872837906,4.87766536348727e-05,0.287542928399052,0.97556005248668,0.0235706792185163,7.1263412634939e-05,0.993740859324394
"2",2,"Leach_field",0.00238582422417385,7.27406894108857e-06,0.326389392882182,0.407718327971989,0.0113067922020903,3.44729444638981e-05,0.907564907960067
"3",3,"Leach_field",0.00816823593424167,2.52586493603294e-05,0.317995164536765,0.762184798694592,0.0226187212718554,6.99439088420335e-05,0.97135413583162
"4",4,"Control",0.00613975040143283,1.8537057131318e-05,0.313627175725063,0.586711214672866,0.0185674368336035,5.60585715807478e-05,0.797492936648693
"5",5,"Control",0.00239945391725129,7.25449076025239e-06,0.319956698604784,0.393007363126217,0.000391692796039311,1.18424102638309e-06,0.417135809443589
"6",6,"Control",0.00281200672777935,8.53747168335826e-06,0.321599628685183,0.223951481861079,0.00153335031324122,4.65537110940816e-06,0.228011784170637
