"Standard","Known_ppm","Area1"
1,0,41.29351425
2,0.3127,52.95529938
3,1.981,110.0995865
