"Standard","Known_ppm","Area1"
1,0,599.1055908
2,350,750.414978
3,996.7,1029.773193
