Standard,Known_ppm,Area1,Area2
1,0,0,0
2,1.873,3.259465694,3.434535265
3,74.8,108.7971573,96.86617279
