"","Chamber","Treatment","Linear_flux","Slope","Intercept","Linear_r_squared","Quadratic_flux","b_coeff","Quadratic_r_squared"
"1",1,"Leach_field",587.308697246131,1.78811672358051,451.135442243668,0.980454812930979,474.646694662216,1.44510663046087,0.983618394733588
"2",2,"Leach_field",482.511527400035,1.43287821203861,470.556002356669,0.97076151466795,687.853641102232,2.04266725132491,0.986177902859838
"3",3,"Leach_field",495.184133039214,1.49713594911286,588.48794903252,0.938149863384574,854.171106628444,2.58249444015542,0.981383879067502
"4",4,"Control",367.506067163607,1.15369574648383,707.002802283504,0.764367300366455,994.156694588611,3.12091269332625,0.959241097717956
"5",5,"Control",377.541948729667,1.18178292392871,548.696413805044,0.992084863974073,470.183092953632,1.47176850742605,0.997322745071507
"6",6,"Control",431.289857160903,1.40156016308059,590.151540534716,0.986484233146149,381.907352679177,1.24108212288194,0.987618270342553
