Standard,Known_ppm,Area1,Area2
1,0,40.30557632,42.97428131
2,0.3127,56.09875107,57.07626724
3,1.981,125.9466705,116.0519943
