"","Chamber","Treatment","Linear_flux","Slope","Intercept","Linear_r_squared","Quadratic_flux","b_coeff","Quadratic_r_squared"
"1",1,"Leach_field",0.00980749666899979,2.98598486494901e-05,0.340206958575638,0.497870484330666,-0.0246217870511013,-7.49633529980937e-05,1
"2",2,"Leach_field",0.01184859809135,3.51858910807372e-05,0.3204907975691,0.63753426181428,-0.019381174206127,-5.7554816137398e-05,1
"3",3,"Leach_field",0.0152942997862191,4.62406698815698e-05,0.316010679911265,0.994421400421319,0.0112899952809267,3.41340860351259e-05,1
"4",4,"Control",0.0107825620376189,3.38492260957993e-05,0.328600514602141,0.999522812224931,0.0116061128465365,3.64345631831421e-05,1
"5",5,"Control",-0.00306464390410815,-9.59295740773566e-06,0.351582733096039,0.135337390762843,0.024013231914974,7.51662895234351e-05,1
"6",6,"Control",0.00406880576850963,1.32223746554004e-05,0.348590331576837,1,0.00406880576850963,1.32223746554004e-05,1
