"","Chamber","Treatment","Linear_flux","Slope","Intercept","Linear_r_squared","Quadratic_flux","b_coeff","Quadratic_r_squared"
"1",1,"Leach_field",1545.6539379057,4.86998657332698,905.135814502552,0.917626228981956,2923.9303321356,9.21260646360321,0.981606097404543
"2",2,"Leach_field",1835.94663864282,5.29647517906992,898.498379000657,0.978392573946016,2425.60519457524,6.99756596236793,0.987242174435989
"3",3,"Leach_field",980.448347250843,2.77576577531493,3389.36448950384,0.999965459964511,1020.37052533246,2.88879020531748,1
"4",4,"Control",751.017043496394,2.31820210261537,1039.17731881751,0.933876723200789,1421.16281760756,4.38677478822415,0.999078277490509
"5",5,"Control",579.121181721273,1.83737333066639,1278.6452312612,0.757728680787764,1654.90123460087,5.25049245186475,0.987000785722274
"6",6,"Control",970.078778092475,3.02857352840286,761.211243905,0.951391031080769,1615.72867152262,5.04428423151058,0.988345641627815
