"","Chamber","Treatment","Linear_flux","Slope","Intercept","Linear_r_squared","Quadratic_flux","b_coeff","Quadratic_r_squared"
"1",1,"Leach_field",0.016696443161144,5.26065065555762e-05,0.294487652824377,0.846793868435572,0.0245906444888098,7.74792504020823e-05,0.863392626363357
"2",2,"Leach_field",0.0203317328995473,5.86544926651769e-05,0.290788523303178,0.879215492036455,0.00332430418238856,9.59019952928204e-06,0.933160750276842
"3",3,"Leach_field",0.00863254238493662,2.44397532753778e-05,0.299401523040145,0.953626552276874,-0.0045562448882898,-1.28992706860392e-05,1
"4",4,"Control",0.0141167568121584,4.35749036688974e-05,0.319927972138814,0.817920938828568,0.0267533883895581,8.25810302893039e-05,0.875389923524349
"5",5,"Control",0.0111704182681825,3.5440300348443e-05,0.295058642461936,0.943370416302808,0.012137206491471,3.8507621928001e-05,0.943990050677378
"6",6,"Control",0.0141449217153076,4.41602645432035e-05,0.3033250856759,0.8401413957767,0.0242852782348707,7.5818327802875e-05,0.878001966249905
