Standard,Known_ppm,Area1
1,0,742.2640991
2,350,822.8007202
3,996.7,938.6300659
