Standard,Known_ppm,Area1
1,0,45.78972244
2,0.3127,49.92979431
3,1.981,77.05687714
