Standard,Known_ppm,Area1
1,0,0
2,1.873,3.301285744
3,74.8,91.71190643
