Standard,Known_ppm,Area1,Area2
1,0.2,45.6392746,45.13141251
2,0.4,58.69430161,58.70188522
3,0.6,70.09617615,66.44108582
4,0.8,90.8952179,88.76329041
