"Standard","Known_ppm","Area1"
1,0,674.93798828125
2,350,866.311279296875
3,996.7,1186.06701660156
