"","Chamber","Treatment","Linear_flux","Slope","Intercept","Linear_r_squared","Quadratic_flux","b_coeff","Quadratic_r_squared"
"1",1,"Leach_field",0.0189523036811625,5.73002510912952e-05,0.330263586984252,0.954605032111869,0.0311955345235364,9.43163422873224e-05,0.98953685096302
"2",2,"Leach_field",0.0191462550557999,5.83744509878051e-05,0.355651998128387,0.851963912082945,0.0119436714368016,3.64147067335143e-05,0.862535970496952
"3",3,"Leach_field",0.0129826204007376,4.01461783328049e-05,0.347466277684971,0.917868394445611,0.0231305938177963,7.15267731543753e-05,0.967043325181994
"4",4,"Control",0.00200345675037417,6.0488114033339e-06,0.369601676415178,0.143779198060147,-0.00161703342510249,-4.88212696356198e-06,0.184951038186143
"5",5,"Control",-0.001629638274404,-4.92703598898888e-06,0.352755520836728,0.501881905443518,-0.00162492757047949,-4.91279368250033e-06,0.501882273165965
"6",6,"Control",0.00645507571604717,1.95981131891554e-05,0.338121788055565,0.570679374112294,0.0194335222993489,5.9001688971642e-05,0.772964681543442
