"Standard","Known_ppm","Area1"
1,0,0
2,1.873,3.25946569442749
3,74.8,108.797157287598
