"Standard","Known_ppm","Area1"
1,0,40.3055763244629
2,0.3127,56.0987510681152
3,1.981,125.946670532227
