Standard,Known_ppm,Area1
1,0,746.0222168
2,350,908.3101196
3,996.7,1060.364746
