Standard,Known_ppm,Area1,Area2
1,0,763.3560791,656.3113403
2,350,843.8599854,742.3987427
3,996.7,1071.287354,976.177124
