Standard,Known_ppm,Area1,Area2
1,0,674.9379883,712.5881958
2,350,866.3112793,864.9696045
3,996.7,1186.067017,1195.627319
