Standard,Known_ppm,Area1
1,0,674.9379883
2,350,866.3112793
3,996.7,1186.067017
