Standard,Known_ppm,Area1
1,0,763.3560791
2,350,843.8599854
3,996.7,1071.287354
