"Standard","Known_ppm","Area1"
1,0,712.588195800781
2,350,864.969604492188
3,996.7,1195.62731933594
