"Standard","Known_ppm","Area1"
1,0,656.3113403
2,350,742.3987427
3,996.7,976.177124
