Standard,Known_ppm,Area1,Area2
1,0,746.0222168,693.8944702
2,350,908.3101196,851.5783691
3,996.7,1060.364746,1094.846191
