Standard,Known_ppm,Area1
1,0,0
2,1.873,3.306263208
3,74.8,108.6701889
