Standard,Known_ppm,Area1
1,0,2.427200556
2,1.873,3.7027421
3,74.8,108.9684753
