Standard,Known_ppm,Area1
1,0,0
2,1.873,3.509967566
3,74.8,105.6916351
