Standard,Known_ppm,Area1
1,0,0
2,1.873,3.493406534
3,74.8,102.6483612
