Standard,Known_ppm,Area1,Area2
1,0,0,0
2,1.873,2.609739542,3.402934313
3,74.8,75.78395844,117.8481445
