Standard,Known_ppm,Area1
1,0,0
2,1.873,4.136601448
3,74.8,121.4814911
