Standard,Known_ppm,Area1
1,0,0
2,1.873,3.167829752
3,74.8,98.69063568
