Standard,Known_ppm,Area1,Area2
1,0,2.180289745,0
2,1.873,3.935545921,3.302541971
3,74.8,110.1201859,120.3584213
