Standard,Known_ppm,Area1
1,0,0
2,1.873,3.388379097
3,74.8,102.2427444
