"Standard","Known_ppm","Area1"
1,0,52.96619034
2,0.3127,55.10400391
3,1.981,55.31771088
