"Standard","Known_ppm","Area1"
1,0,2767.936768
2,350,2826.922607
3,996.7,970.1815796
