"Standard","Known_ppm","Area1"
1,0,4.297217369
2,1.873,4.222560406
3,74.8,3.936927319
