"","Chamber","Treatment","Linear_flux","Slope","Intercept","Linear_r_squared","Quadratic_flux","b_coeff","Quadratic_r_squared"
"1",1,"Leach_field",0.111920633487512,0.000331435542082956,2.05092671879353,0.684678687966741,0.368148483648965,0.00109021445325207,0.999343784888804
"2",2,"Leach_field",0.130103648725789,0.000385281712573703,2.14039134614077,0.991449158802733,0.170379583430355,0.000504552626575408,0.999780447215915
"3",3,"Leach_field",0.17251893110914,0.00051952878322346,2.03930484804264,0.882336672259371,0.16756424853557,0.000504608100651661,0.882400487131344
"4",4,"Control",0.118078288523392,0.000354087369653874,2.20519615804488,0.887152575721518,0.220635277459571,0.000661630228770086,0.945836366307559
"5",5,"Control",0.0894341058355855,0.000263203586760412,2.36428591395278,0.405163775584756,0.337827171583241,0.000994221638770544,0.679215553300716
"6",6,"Control",0.0503819751172175,0.000150449519718684,2.46333442332695,0.25083899627207,0.20459434179155,0.000610955016910004,0.456907917623654
