Standard,Known_ppm,Area1,Area2
1,0,0,0
2,1.873,3.784287691,3.579455376
3,74.8,111.7929535,103.5101395
