Standard,Known_ppm,Area1,Area2
1,0,47.48905563,44.97086334
2,0.3127,54.58466339,54.02205276
3,1.981,98.75135803,95.13890076
