"","Chamber","Treatment","Linear_flux","Slope","Intercept","Linear_r_squared","Quadratic_flux","b_coeff","Quadratic_r_squared"
"1",1,"Leach_field",1109.42367585092,3.28538559823595,880.876565148484,0.967201044423879,1755.81153788256,5.19956267865966,0.99599078156238
"2",2,"Leach_field",1129.63569080697,3.34524033569412,977.507048413822,0.957818432522897,1927.44598704584,5.70783139485566,0.999710816008769
"3",3,"Leach_field",974.21748269372,2.93378831021563,885.42035968738,0.986938786913125,1339.83083798914,4.03480754552906,0.999127332879332
"4",4,"Control",371.324554431165,1.11350982818811,1822.35195179796,0.901321736282857,759.212900647008,2.27669034129107,0.987563054896098
"5",5,"Control",871.458028985559,2.56469136463253,973.534538403439,0.945416672492729,1577.69904156436,4.64315087279572,0.999862623904839
"6",6,"Control",800.991453032476,2.39190264230678,1140.05730013941,0.980386871245568,1115.62131304024,3.33144324620716,0.993650764378338
