Standard,Known_ppm,Area1
1,0,420.8112793
2,350,749.7515259
3,996.7,1655.694946
