Standard,Known_ppm,Area1,Area2
1,0,488.8551941,325.7718201
2,350,876.1567383,766.4408569
3,996.7,1911.81311,1815.639038
