Standard,Known_ppm,Area1
1,0,282.22995
2,350,811.2880859
3,996.7,1755.255371
