Standard,Known_ppm,Area1
1,0,325.1330261
2,350,899.2053223
3,996.7,1924.725952
