Standard,Known_ppm,Area1,Area2
1,0,210.6604156,436.9309692
2,350,648.3607178,905.1691895
3,996.7,1359.851074,1884.930908
