Standard,Known_ppm,Area1
1,0,404.3199463
2,350,814.010376
3,996.7,1730.056763
