Standard,Known_ppm,Area1
1,0,259.9138794
2,350,876.9041748
3,996.7,1883.450439
