Standard,Known_ppm,Area1
1,0,445.0018616
2,350,943.8551636
3,996.7,1799.216431
