Standard,Known_ppm,Area1
1,0,334.9667053
2,350,885.711792
3,996.7,1911.93042
