Standard,Known_ppm,Area1
1,0,359.0265198
2,350,803.9121704
3,996.7,1604.760498
