"","Chamber","Treatment","Linear_flux","Slope","Intercept","Linear_r_squared","Quadratic_flux","b_coeff","Quadratic_r_squared"
"1",1,"Leach_field",0.0130305421407349,3.93964421993692e-05,0.327388662949118,0.885979556095986,0.0191522087800117,5.79046426497669e-05,0.903125740877673
"2",2,"Leach_field",0.00979178756796418,2.98538916254525e-05,0.335049402656253,0.641092603707592,-0.0134255585269374,-4.09327884711953e-05,0.957139382632875
"3",3,"Leach_field",0.010086731032979,3.11912148969561e-05,0.339686017903408,0.827436686767502,0.00442349590953021,1.36787836474325e-05,0.850308073362016
"4",4,"Control",0.00305094455957175,9.21137341219393e-06,0.330108738996618,0.965366258731635,0.00430524631554637,1.29983454860079e-05,0.979673534932916
"5",5,"Control",0.00926535754496643,2.80128116723295e-05,0.333175476927765,0.893188116881717,0.0108171617409069,3.27045246992949e-05,0.895385075269059
"6",6,"Control",0.00562404424521385,1.70750368465103e-05,0.333253162750683,0.99805566989016,0.0064087006153757,1.94573147675569e-05,0.999759184002547
