"Standard","Known_ppm","Area1"
1,0,42.0153160095215
2,0.3127,55.4813766479492
3,1.981,107.208129882813
