"Standard","Known_ppm","Area1"
1,0,0
2,1.873,3.32617330551147
3,74.8,100.614189147949
