"Standard","Known_ppm","Area1"
1,0,597.158569335937
2,350,755.979614257813
3,996.7,1031.96032714844
