"Standard","Known_ppm","Area1"
1,0,42.9742813110352
2,0.3127,57.0762672424316
3,1.981,116.05199432373
