Standard,Known_ppm,Area1
1,0,47.48905563
2,0.3127,54.58466339
3,1.981,98.75135803
