Standard,Known_ppm,Area1
1,0,42.01531601
2,0.3127,55.48137665
3,1.981,107.2081299
