Standard,Known_ppm,Area1
1,0,40.30557632
2,0.3127,56.09875107
3,1.981,125.9466705
