Standard,Known_ppm,Area1
1,0,42.97428131
2,0.3127,57.07626724
3,1.981,116.0519943
