"Standard","Known_ppm","Area1"
1,0,0
2,1.873,3.78428769111633
3,74.8,111.792953491211
