Standard,Known_ppm,Area1,Area2
1,0,0,0
2,1.873,3.653188229,3.924315453
3,74.8,110.2282486,108.143631
