Standard,Known_ppm,Area1
1,0,0
2,1.873,3.653188229
3,74.8,110.2282486
